{"id":"411F13B7-0053-4049-B975-965D1FC1C39A","validationEntity":{"analysedDataType":"auto","dataResult":{}},"modelEntity":{"modelURL":"Models\/catordog%201%20copy.mlmodel"},"version":"1.0","settingEntity":{"seedType":"default","transferLearningEmbeddingType":"dynamic","generalClassifierType":{"auto":{}},"generalRegressorType":{"auto":{}},"augmentations":[],"algorithmType":"maxEnt"},"state":"trained","trainingEntity":{"recipeTrainingResults":{"imageClassifier":{"confusionMatrix":[{"expected":"Cat","actual":"Cat","count":24},{"expected":"Dog","actual":"Dog","count":19}],"statsByLabel":{"Cat":{"count":24,"precisionRecall":{"success":{"recall":1,"precision":1}}},"Dog":{"count":19,"precisionRecall":{"success":{"recall":1,"precision":1}}}},"accuracy":1}},"finishTime":619864292.170403,"dataResult":{"itemsCount":43,"dataURL":"file:\/\/\/Users\/tahababar\/Desktop\/Training%20Data\/","classesCount":2,"dataSourceID":"5B7C0EF2-2A3D-472B-8674-B13BF5A9D340","analysis":{"summary":{"canUseValidation":0,"classCount":2,"sampleCount":43},"issues":[{"description":"2 classes found, including Cat, Dog","severity":"info"},{"description":"Less than 50 total images found - add more to improve model validation","severity":"warning"},{"description":"Smallest class is \"Dog\" with 19 images","severity":"warning"},{"description":"Largest class is \"Cat\" with 24 images","severity":"info"}],"classifierAnalysis":{"columns":[],"vizualizerSpec":"","labelStats":{"Cat":24,"Dog":19}}}},"analysedDataType":"choose","startTime":619864285.62083101,"progress":[{"currentRowIndex":0,"tableIndex":0,"count":1,"isLast":false,"percentComplete":2.25,"tableDone":false},{"currentRowIndex":1,"tableIndex":0,"count":2,"isLast":false,"percentComplete":4.5,"tableDone":false},{"currentRowIndex":2,"tableIndex":0,"count":3,"isLast":false,"percentComplete":6.75,"tableDone":false},{"currentRowIndex":3,"tableIndex":0,"count":4,"isLast":false,"percentComplete":9.25,"tableDone":false},{"currentRowIndex":4,"tableIndex":0,"count":5,"isLast":false,"percentComplete":11.5,"tableDone":false},{"currentRowIndex":5,"tableIndex":0,"count":10,"isLast":false,"percentComplete":23.25,"tableDone":false},{"currentRowIndex":6,"tableIndex":0,"count":43,"isLast":false,"percentComplete":100,"tableDone":false},{"currentRowIndex":6,"tableIndex":0,"count":43,"isLast":false,"percentComplete":100,"tableDone":true},{"icTrainingColumnHeader":{"hasValidation":false,"elapsedTime":0.062742999999999993,"trainingAccuracy":0.76744199999999996,"iterationCount":0,"validationAccuracy":0},"isLast":false,"currentRowIndex":0,"count":0,"tableDone":false,"tableIndex":1,"percentComplete":0},{"icTrainingColumnHeader":{"hasValidation":false,"elapsedTime":0.116716,"trainingAccuracy":0.97674399999999995,"iterationCount":1,"validationAccuracy":0},"isLast":false,"currentRowIndex":1,"count":0,"tableDone":false,"tableIndex":1,"percentComplete":0},{"icTrainingColumnHeader":{"hasValidation":false,"elapsedTime":0.18313199999999999,"trainingAccuracy":1,"iterationCount":2,"validationAccuracy":0},"isLast":false,"currentRowIndex":2,"count":0,"tableDone":false,"tableIndex":1,"percentComplete":0},{"icTrainingColumnHeader":{"hasValidation":false,"elapsedTime":0.23183300000000001,"trainingAccuracy":1,"iterationCount":3,"validationAccuracy":0},"isLast":false,"currentRowIndex":3,"count":0,"tableDone":false,"tableIndex":1,"percentComplete":0},{"icTrainingColumnHeader":{"hasValidation":false,"elapsedTime":0.28031400000000001,"trainingAccuracy":1,"iterationCount":4,"validationAccuracy":0},"isLast":false,"currentRowIndex":4,"count":0,"tableDone":false,"tableIndex":1,"percentComplete":0},{"icTrainingColumnHeader":{"hasValidation":false,"elapsedTime":0.50528099999999998,"trainingAccuracy":1,"iterationCount":9,"validationAccuracy":0},"isLast":false,"currentRowIndex":5,"count":0,"tableDone":false,"tableIndex":1,"percentComplete":0},{"icTrainingColumnHeader":{"hasValidation":false,"elapsedTime":0.50528099999999998,"trainingAccuracy":1,"iterationCount":9,"validationAccuracy":0},"isLast":false,"currentRowIndex":5,"count":0,"tableDone":true,"tableIndex":1,"percentComplete":0}],"trainingAccuracy":1},"createdDate":"2020-08-23 13:31:16","transientEvaluationState":"none","evaluationState":"evaluated","title":"catordog 1 copy","evaluationEntity":{"finishTime":619864295.07838297,"result":{"imageClassifier":{"statsByLabel":{"Dog":{"count":8,"precisionRecall":{"success":{"recall":1,"precision":1}}},"Cat":{"count":8,"precisionRecall":{"success":{"recall":1,"precision":1}}}},"accuracy":1}},"dataResult":{"itemsCount":16,"dataURL":"file:\/\/\/Users\/tahababar\/Desktop\/Testing%20Data\/","classesCount":2,"dataSourceID":"4F8D364F-407E-4B55-BE62-2EE285646C58","analysis":{"summary":{"canUseValidation":0,"classCount":2,"sampleCount":16},"issues":[{"description":"2 classes found, including Cat, Dog","severity":"info"},{"description":"Less than 50 total images found - add more to improve model validation","severity":"warning"},{"description":"Smallest class is \"Dog\" with 8 images","severity":"warning"},{"description":"Largest class is \"Cat\" with 8 images","severity":"info"}],"classifierAnalysis":{"columns":[],"vizualizerSpec":"","labelStats":{"Cat":8,"Dog":8}}}},"analysedDataType":"none","accuracy":1,"startTime":619864294.51194096,"trainedEvaluationURL":"file:\/\/\/Users\/tahababar\/Desktop\/Testing%20Data\/","trainedEvaluationItemCount":16},"modifiedDate":"2020-08-23 13:31:35","transientState":"none","preferredFilename":"catordog 1 copy"}