{"id":"E593F43E-D5E3-4BD4-B8A4-6E7776DEA4BB","validationEntity":{"analysedDataType":"auto","dataResult":{}},"modelEntity":{},"version":"1.0","settingEntity":{"seedType":"default","transferLearningEmbeddingType":"dynamic","generalClassifierType":{"auto":{}},"generalRegressorType":{"auto":{}},"augmentations":[],"algorithmType":"maxEnt"},"state":"ready","trainingEntity":{"progress":[],"analysedDataType":"choose","dataResult":{"itemsCount":43,"dataURL":"file:\/\/\/Users\/tahababar\/Desktop\/Training%20Data\/","classesCount":2,"dataSourceID":"5B7C0EF2-2A3D-472B-8674-B13BF5A9D340","analysis":{"summary":{"canUseValidation":0,"classCount":2,"sampleCount":43},"issues":[{"description":"2 classes found, including Cat, Dog","severity":"info"},{"description":"Less than 50 total images found - add more to improve model validation","severity":"warning"},{"description":"Smallest class is \"Dog\" with 19 images","severity":"warning"},{"description":"Largest class is \"Cat\" with 24 images","severity":"info"}],"classifierAnalysis":{"columns":[],"vizualizerSpec":"","labelStats":{"Dog":19,"Cat":24}}}}},"createdDate":"2020-08-23 13:30:29","transientEvaluationState":"none","evaluationState":"ready","title":"catordog 1","evaluationEntity":{"analysedDataType":"none","dataResult":{"itemsCount":16,"dataURL":"file:\/\/\/Users\/tahababar\/Desktop\/Testing%20Data\/","classesCount":2,"dataSourceID":"4F8D364F-407E-4B55-BE62-2EE285646C58","analysis":{"summary":{"canUseValidation":0,"classCount":2,"sampleCount":16},"issues":[{"description":"2 classes found, including Dog, Cat","severity":"info"},{"description":"Less than 50 total images found - add more to improve model validation","severity":"warning"},{"description":"Smallest class is \"Cat\" with 8 images","severity":"warning"},{"description":"Largest class is \"Dog\" with 8 images","severity":"info"}],"classifierAnalysis":{"columns":[],"vizualizerSpec":"","labelStats":{"Cat":8,"Dog":8}}}}},"modifiedDate":"2020-08-23 13:31:15","transientState":"none","preferredFilename":"catordog 1"}