{"createdDate":"2020-08-23 13:31:05","id":"5B7C0EF2-2A3D-472B-8674-B13BF5A9D340","modifiedDate":"2020-08-23 13:31:16","title":"Training Data","dataResult":{"itemsCount":43,"dataURL":"file:\/\/\/Users\/tahababar\/Desktop\/Training%20Data\/","classesCount":2,"analysis":{"summary":{"canUseValidation":0,"classCount":2,"sampleCount":43},"issues":[{"description":"2 classes found, including Cat, Dog","severity":"info"},{"description":"Less than 50 total images found - add more to improve model validation","severity":"warning"},{"description":"Smallest class is \"Dog\" with 19 images","severity":"warning"},{"description":"Largest class is \"Cat\" with 24 images","severity":"info"}],"classifierAnalysis":{"columns":[],"vizualizerSpec":"","labelStats":{"Cat":24,"Dog":19}}}},"preferredFilename":"Training Data","version":"1.0","pathType":0,"experimentIDs":["E593F43E-D5E3-4BD4-B8A4-6E7776DEA4BB"]}